x_m,y_m,w_tr_right_m,w_tr_left_m,banking_rad
-304.6788,-1792.4008,7.0400,7.0600,0.0000
-304.6077,-1796.4051,7.0315,7.0687,0.0000
-304.5365,-1800.4095,7.0115,7.0886,0.0000
-304.4654,-1804.4138,6.9975,7.1025,0.0000
-304.3942,-1808.4182,6.9927,7.1073,0.0000
-304.3230,-1812.4226,6.9931,7.1069,0.0000
-304.2519,-1816.4269,6.9954,7.1046,0.0000
-304.1807,-1820.4313,6.9977,7.1023,0.0000
-304.1095,-1824.4356,6.9995,7.1005,0.0000
-304.0384,-1828.4400,7.0010,7.0990,0.0000
-303.9672,-1832.4443,7.0023,7.0977,0.0000
-303.8961,-1836.4487,7.0036,7.0964,0.0000
-303.8249,-1840.4530,7.0048,7.0952,0.0000
-303.7537,-1844.4574,7.0060,7.0940,0.0000
-303.6826,-1848.4618,7.0073,7.0927,0.0000
-303.6114,-1852.4661,7.0085,7.0915,0.0000
-303.5402,-1856.4705,7.0098,7.0902,0.0000
-303.4691,-1860.4748,7.0110,7.0890,0.0000
-303.3979,-1864.4792,7.0123,7.0877,0.0000
-303.3268,-1868.4835,7.0135,7.0865,0.0000
-303.2556,-1872.4879,7.0148,7.0852,0.0000
-303.1844,-1876.4923,7.0160,7.0840,0.0000
-303.1133,-1880.4966,7.0173,7.0827,0.0000
-303.0421,-1884.5010,7.0186,7.0814,0.0000
-302.9709,-1888.5053,7.0198,7.0802,0.0000
-302.8998,-1892.5097,7.0211,7.0789,0.0000
-302.8286,-1896.5140,7.0223,7.0777,0.0000
-302.7575,-1900.5184,7.0236,7.0764,0.0000
-302.6863,-1904.5228,7.0249,7.0751,0.0000
-302.6151,-1908.5271,7.0261,7.0739,0.0000
-302.5440,-1912.5315,7.0274,7.0726,0.0000
-302.4728,-1916.5358,7.0287,7.0713,0.0000
-302.4017,-1920.5388,7.0299,7.0701,0.0000
-302.3306,-1924.5405,7.0312,7.0688,0.0000
-302.2595,-1928.5407,7.0324,7.0676,0.0000
-302.1886,-1932.5396,7.0335,7.0665,0.0000
-302.1177,-1936.5370,7.0347,7.0653,0.0000
-302.0469,-1940.5331,7.0357,7.0643,0.0000
-301.9762,-1944.5276,7.0366,7.0634,0.0000
-301.9057,-1948.5206,7.0374,7.0626,0.0000
-301.8353,-1952.5122,7.0381,7.0619,0.0000
-301.7651,-1956.5049,7.0387,7.0613,0.0000
-301.6949,-1960.4987,7.0391,7.0609,0.0000
-301.6249,-1964.4937,7.0395,7.0605,0.0000
-301.5549,-1968.4898,7.0397,7.0603,0.0000
-301.4850,-1972.4873,7.0398,7.0602,0.0000
-301.4151,-1976.4859,7.0399,7.0601,0.0000
-301.3452,-1980.4857,7.0400,7.0600,0.0000
-301.2754,-1984.4869,7.0400,7.0600,0.0000
-301.2055,-1988.4894,7.0400,7.0600,0.0000
-301.1356,-1992.4920,7.0400,7.0600,0.0000
-301.0658,-1996.4946,7.0400,7.0600,0.0000
-300.9959,-2000.4972,7.0400,7.0600,0.0000
-300.9260,-2004.4999,7.0400,7.0600,0.0000
-300.8562,-2008.5026,7.0400,7.0600,0.0000
-300.7863,-2012.5054,7.0400,7.0600,0.0000
-300.7164,-2016.5083,7.0400,7.0600,0.0000
-300.6465,-2020.5113,7.0400,7.0600,0.0000
-300.5767,-2024.5144,7.0400,7.0600,0.0000
-300.5068,-2028.5174,7.0400,7.0600,0.0000
-300.4369,-2032.5204,7.0400,7.0600,0.0000
-300.3671,-2036.5234,7.0400,7.0600,0.0000
-300.2972,-2040.5264,7.0400,7.0600,0.0000
-300.2273,-2044.5291,7.0400,7.0600,0.0000
-300.1574,-2048.5316,7.0400,7.0600,0.0000
-300.0876,-2052.5338,7.0400,7.0600,0.0000
-300.0177,-2056.5356,7.0400,7.0600,0.0000
-299.9479,-2060.5371,7.0400,7.0600,0.0000
-299.8781,-2064.5383,7.0400,7.0600,0.0000
-299.8082,-2068.5393,7.0400,7.0600,0.0000
-299.7384,-2072.5401,7.0400,7.0600,0.0000
-299.6686,-2076.5406,7.0400,7.0600,0.0000
-299.5987,-2080.5411,7.0400,7.0600,0.0000
-299.5289,-2084.5415,7.0400,7.0600,0.0000
-299.4593,-2088.5420,7.0397,7.0603,0.0000
-299.3908,-2092.5426,7.0385,7.0615,0.0000
-299.3242,-2096.5432,7.0352,7.0648,0.0000
-299.2607,-2100.5439,7.0289,7.0712,0.0000
-299.2015,-2104.5446,7.0183,7.0818,0.0000
-299.1472,-2108.5455,7.0028,7.0974,0.0000
-299.0986,-2112.5464,6.9817,7.1187,0.0000
-299.0559,-2116.5474,6.9552,7.1452,0.0000
-299.0189,-2120.5485,6.9431,7.1568,0.0000
-298.9868,-2124.5494,6.9640,7.1372,0.0000
-298.9569,-2128.5503,7.0117,7.0948,0.0000
-298.9258,-2132.5510,7.0729,7.0429,0.0000
-298.8893,-2136.5515,7.1380,6.9908,0.0000
-298.8423,-2140.5516,7.2025,6.9437,0.0000
-298.7800,-2144.5513,7.2649,6.9029,0.0000
-298.6968,-2148.5502,7.3260,6.8675,0.0000
-298.5869,-2152.5479,7.3877,6.8356,0.0000
-298.4437,-2156.5442,7.4526,6.8046,0.0000
-298.2612,-2160.5382,7.5230,6.7721,0.0000
-298.0336,-2164.5293,7.6008,6.7362,0.0000
-297.7558,-2168.5166,7.6870,6.6959,-0.0019
-297.4231,-2172.4991,7.7821,6.6507,-0.0033
-297.0312,-2176.4757,7.8854,6.5998,-0.0061
-296.5764,-2180.4451,7.9813,6.5569,-0.0095
-296.0555,-2184.4062,8.0511,6.5433,-0.0138
-295.4668,-2188.3577,8.1012,6.5536,-0.0187
-294.8097,-2192.2986,8.1435,6.5750,-0.0242
-294.0844,-2196.2277,8.1872,6.5978,-0.0300
-293.2916,-2200.1441,8.2365,6.6177,-0.0342
-292.4325,-2204.0468,8.2931,6.6323,-0.0406
-291.5083,-2207.9350,8.3571,6.6415,-0.0474
-290.5205,-2211.8077,8.4269,6.6464,-0.0545
-289.4707,-2215.6643,8.5010,6.6485,-0.0617
-288.3603,-2219.5039,8.5780,6.6490,-0.0691
-287.1903,-2223.3255,8.6566,6.6487,-0.0766
-285.9615,-2227.1285,8.7362,6.6490,-0.0817
-284.6742,-2230.9119,8.8159,6.6493,-0.0891
-283.3288,-2234.6749,8.8961,6.6495,-0.0966
-281.9256,-2238.4167,8.9764,6.6495,-0.1039
-280.4650,-2242.1363,9.0569,6.6495,-0.1110
-278.9474,-2245.8328,9.1372,6.6493,-0.1178
-277.3730,-2249.5055,9.2171,6.6489,-0.1244
-275.7422,-2253.1534,9.2963,6.6494,-0.1286
-274.0555,-2256.7757,9.3737,6.6498,-0.1345
-272.3132,-2260.3715,9.4498,6.6500,-0.1400
-270.5158,-2263.9401,9.5248,6.6501,-0.1450
-268.6637,-2267.4806,9.5983,6.6500,-0.1494
-266.7574,-2270.9921,9.6701,6.6498,-0.1532
-264.7973,-2274.4738,9.7400,6.6494,-0.1562
-262.7838,-2277.9249,9.8077,6.6498,-0.1579
-260.7175,-2281.3446,9.8721,6.6501,-0.1597
-258.5988,-2284.7322,9.9339,6.6503,-0.1606
-256.4283,-2288.0867,9.9931,6.6504,-0.1609
-254.2064,-2291.4076,10.0493,6.6503,-0.1609
-251.9336,-2294.6939,10.1026,6.6501,-0.1609
-249.6105,-2297.9449,10.1529,6.6496,-0.1609
-247.2376,-2301.1599,10.2000,6.6497,-0.1609
-244.8154,-2304.3380,10.2425,6.6498,-0.1610
-242.3446,-2307.4785,10.2814,6.6498,-0.1610
-239.8257,-2310.5806,10.3166,6.6496,-0.1611
-237.2592,-2313.6437,10.3481,6.6494,-0.1612
-234.6458,-2316.6670,10.3755,6.6491,-0.1613
-231.9862,-2319.6496,10.3990,6.6487,-0.1613
-229.2809,-2322.5909,10.4185,6.6489,-0.1614
-226.5306,-2325.4901,10.4328,6.6493,-0.1615
-223.7360,-2328.3466,10.4430,6.6494,-0.1616
-220.8978,-2331.1597,10.4490,6.6495,-0.1617
-218.0166,-2333.9286,10.4508,6.6494,-0.1618
-215.0930,-2336.6528,10.4485,6.6492,-0.1619
-212.1280,-2339.3316,10.4420,6.6488,-0.1620
-209.1220,-2341.9643,10.4314,6.6490,-0.1621
-206.0759,-2344.5503,10.4157,6.6493,-0.1622
-202.9903,-2347.0890,10.3958,6.6495,-0.1623
-199.8660,-2349.5799,10.3719,6.6496,-0.1624
-196.7037,-2352.0223,10.3443,6.6494,-0.1625
-193.5042,-2354.4157,10.3124,6.6493,-0.1626
-190.2683,-2356.7594,10.2769,6.6489,-0.1627
-186.9967,-2359.0529,10.2378,6.6491,-0.1628
-183.6903,-2361.2957,10.1942,6.6494,-0.1629
-180.3497,-2363.4873,10.1470,6.6496,-0.1629
-176.9758,-2365.6271,10.0965,6.6497,-0.1630
-173.5694,-2367.7146,10.0429,6.6496,-0.1631
-170.1312,-2369.7494,9.9863,6.6494,-0.1632
-166.6621,-2371.7310,9.9269,6.6490,-0.1633
-163.1629,-2373.6589,9.8649,6.6491,-0.1633
-159.6342,-2375.5327,9.7994,6.6494,-0.1634
-156.0771,-2377.3519,9.7315,6.6496,-0.1634
-152.4924,-2379.1161,9.6615,6.6496,-0.1634
-148.8808,-2380.8249,9.5896,6.6495,-0.1635
-145.2433,-2382.4779,9.5160,6.6493,-0.1635
-141.5807,-2384.0747,9.4410,6.6489,-0.1635
-137.8940,-2385.6149,9.3646,6.6490,-0.1635
-134.1839,-2387.0980,9.2863,6.6494,-0.1635
-130.4516,-2388.5238,9.2070,6.6496,-0.1634
-126.6978,-2389.8919,9.1272,6.6497,-0.1634
-122.9234,-2391.2020,9.0470,6.6496,-0.1633
-119.1293,-2392.4538,8.9666,6.6494,-0.1633
-115.3164,-2393.6469,8.8864,6.6490,-0.1632
-111.4857,-2394.7811,8.8065,6.6491,-0.1631
-107.6380,-2395.8562,8.7264,6.6495,-0.1630
-103.7743,-2396.8718,8.6468,6.6497,-0.1629
-99.8953,-2397.8278,8.5683,6.6497,-0.1627
-96.0020,-2398.7234,8.4915,6.6492,-0.1626
-92.0953,-2399.5578,8.4173,6.6473,-0.1624
-88.1761,-2400.3297,8.3470,6.6431,-0.1622
-84.2451,-2401.0378,8.2819,6.6362,-0.1620
-80.3033,-2401.6809,8.2225,6.6250,-0.1618
-76.3517,-2402.2583,8.1702,6.6088,-0.1615
-72.3911,-2402.7691,8.1260,6.5868,-0.1613
-68.4225,-2403.2130,8.0866,6.5623,-0.1607
-64.4469,-2403.5903,8.0288,6.5591,-0.1602
-60.4652,-2403.9020,7.9464,6.5842,-0.1588
-56.4785,-2404.1507,7.8492,6.6271,-0.1567
-52.4877,-2404.3399,7.7478,6.6768,-0.1548
-48.4939,-2404.4738,7.6514,6.7249,-0.1516
-44.4976,-2404.5569,7.5631,6.7684,-0.1480
-40.4997,-2404.5943,7.4839,6.8064,-0.1441
-36.5006,-2404.5912,7.4130,6.8400,-0.1401
-32.5009,-2404.5536,7.3486,6.8710,-0.1361
-28.5008,-2404.4877,7.2881,6.9021,-0.1322
-24.5006,-2404.3997,7.2293,6.9357,-0.1298
-20.5003,-2404.2953,7.1709,6.9730,-0.1266
-16.4998,-2404.1795,7.1118,7.0153,-0.1240
-12.4992,-2404.0573,7.0514,7.0632,-0.1221
-8.4984,-2403.9331,6.9897,7.1165,-0.1213
-4.4974,-2403.8107,6.9428,7.1579,-0.1211
-0.4961,-2403.6935,6.9313,7.1686,-0.1211
3.5056,-2403.5833,6.9449,7.1552,-0.1210
7.5077,-2403.4808,6.9686,7.1315,-0.1209
11.5101,-2403.3857,6.9927,7.1074,-0.1208
15.5128,-2403.2977,7.0124,7.0877,-0.1207
19.5157,-2403.2156,7.0261,7.0739,-0.1207
23.5189,-2403.1384,7.0345,7.0655,-0.1206
27.5221,-2403.0649,7.0387,7.0613,-0.1205
31.5253,-2402.9936,7.0402,7.0597,-0.1204
35.5284,-2402.9234,7.0406,7.0594,-0.1203
39.5312,-2402.8537,7.0404,7.0595,-0.1202
43.5338,-2402.7840,7.0402,7.0597,-0.1201
47.5360,-2402.7143,7.0401,7.0599,-0.1200
51.5379,-2402.6445,7.0400,7.0600,-0.1199
55.5394,-2402.5747,7.0400,7.0600,-0.1198
59.5406,-2402.5049,7.0400,7.0600,-0.1198
63.5415,-2402.4351,7.0400,7.0600,-0.1197
67.5423,-2402.3653,7.0400,7.0600,-0.1196
71.5429,-2402.2954,7.0400,7.0600,-0.1196
75.5436,-2402.2256,7.0400,7.0600,-0.1195
79.5443,-2402.1558,7.0400,7.0600,-0.1195
83.5452,-2402.0860,7.0400,7.0600,-0.1194
87.5462,-2402.0162,7.0400,7.0600,-0.1194
91.5475,-2401.9463,7.0400,7.0600,-0.1194
95.5490,-2401.8765,7.0400,7.0600,-0.1194
99.5506,-2401.8066,7.0400,7.0600,-0.1195
103.5524,-2401.7368,7.0400,7.0600,-0.1195
107.5543,-2401.6671,7.0398,7.0601,-0.1196
111.5561,-2401.5981,7.0389,7.0610,-0.1197
115.5580,-2401.5309,7.0363,7.0637,-0.1198
119.5598,-2401.4665,7.0309,7.0691,-0.1199
123.5617,-2401.4059,7.0216,7.0785,-0.1201
127.5634,-2401.3502,7.0075,7.0926,-0.1203
131.5652,-2401.2998,6.9881,7.1122,-0.1205
135.5670,-2401.2552,6.9629,7.1374,-0.1208
139.5689,-2401.2164,6.9443,7.1557,-0.1214
143.5710,-2401.1825,6.9570,7.1431,-0.1220
147.5732,-2401.1515,6.9981,7.1048,-0.1234
151.5755,-2401.1201,7.0552,7.0543,-0.1257
155.5776,-2401.0842,7.1175,7.0022,-0.1287
159.5796,-2401.0391,7.1794,6.9543,-0.1321
163.5812,-2400.9800,7.2391,6.9126,-0.1358
167.5821,-2400.9016,7.2969,6.8767,-0.1398
171.5819,-2400.7981,7.3547,6.8454,-0.1424
175.5800,-2400.6635,7.4144,6.8158,-0.1463
179.5759,-2400.4917,7.4787,6.7853,-0.1500
183.5688,-2400.2769,7.5497,6.7519,-0.1533
187.5580,-2400.0141,7.6287,6.7143,-0.1562
191.5424,-2399.6987,7.7163,6.6714,-0.1585
195.5212,-2399.3266,7.8129,6.6229,-0.1600
199.4933,-2398.8941,7.9091,6.5769,-0.1603
203.4575,-2398.3978,7.9796,6.5580,-0.1609
207.4129,-2397.8360,8.0277,6.5653,-0.1614
211.3585,-2397.2080,8.0659,6.5863,-0.1618
215.2932,-2396.5138,8.1040,6.6101,-0.1621
219.2164,-2395.7541,8.1478,6.6307,-0.1624
223.1269,-2394.9301,8.1995,6.6458,-0.1626
227.0242,-2394.0430,8.2581,6.6560,-0.1628
230.9072,-2393.0942,8.3236,6.6618,-0.1630
234.7753,-2392.0853,8.3930,6.6646,-0.1631
238.6277,-2391.0177,8.4658,6.6654,-0.1633
242.4635,-2389.8926,8.5407,6.6654,-0.1634
246.2820,-2388.7107,8.6170,6.6651,-0.1635
250.0824,-2387.4723,8.6945,6.6646,-0.1636
253.8639,-2386.1778,8.7726,6.6646,-0.1636
257.6256,-2384.8275,8.8504,6.6649,-0.1636
261.3668,-2383.4216,8.9283,6.6650,-0.1637
265.0867,-2381.9604,9.0064,6.6651,-0.1637
268.7846,-2380.4443,9.0844,6.6650,-0.1637
272.4596,-2378.8735,9.1623,6.6648,-0.1637
276.1109,-2377.2483,9.2397,6.6644,-0.1636
279.7378,-2375.5692,9.3164,6.6644,-0.1636
283.3395,-2373.8364,9.3913,6.6648,-0.1635
286.9151,-2372.0505,9.4647,6.6650,-0.1635
290.4637,-2370.2118,9.5374,6.6650,-0.1634
293.9847,-2368.3208,9.6081,6.6650,-0.1633
297.4772,-2366.3778,9.6773,6.6648,-0.1632
300.9403,-2364.3833,9.7446,6.6645,-0.1631
304.3734,-2362.3378,9.8098,6.6645,-0.1630
307.7756,-2360.2418,9.8720,6.6649,-0.1629
311.1462,-2358.0955,9.9315,6.6652,-0.1628
314.4846,-2355.8996,9.9885,6.6653,-0.1627
317.7900,-2353.6545,10.0427,6.6652,-0.1626
321.0618,-2351.3607,10.0940,6.6650,-0.1624
324.2991,-2349.0187,10.1424,6.6647,-0.1623
327.5014,-2346.6290,10.1876,6.6646,-0.1622
330.6679,-2344.1920,10.2289,6.6650,-0.1621
333.7979,-2341.7084,10.2664,6.6652,-0.1620
336.8907,-2339.1787,10.3005,6.6653,-0.1618
339.9457,-2336.6034,10.3309,6.6652,-0.1617
342.9622,-2333.9832,10.3578,6.6650,-0.1616
345.9395,-2331.3186,10.3809,6.6647,-0.1615
348.8770,-2328.6101,10.4002,6.6646,-0.1614
351.7740,-2325.8584,10.4151,6.6650,-0.1613
354.6298,-2323.0641,10.4256,6.6652,-0.1612
357.4439,-2320.2278,10.4322,6.6653,-0.1611
360.2157,-2317.3502,10.4349,6.6652,-0.1611
362.9444,-2314.4317,10.4337,6.6651,-0.1610
365.6297,-2311.4731,10.4286,6.6647,-0.1609
368.2709,-2308.4751,10.4195,6.6646,-0.1609
370.8673,-2305.4381,10.4060,6.6650,-0.1609
373.4184,-2302.3630,10.3881,6.6652,-0.1609
375.9238,-2299.2504,10.3663,6.6654,-0.1608
378.3827,-2296.1010,10.3409,6.6653,-0.1603
380.7948,-2292.9154,10.3118,6.6650,-0.1594
383.1595,-2289.6944,10.2791,6.6648,-0.1579
385.4762,-2286.4387,10.2427,6.6647,-0.1560
387.7444,-2283.1490,10.2024,6.6652,-0.1545
389.9637,-2279.8261,10.1583,6.6656,-0.1519
392.1334,-2276.4707,10.1111,6.6658,-0.1488
394.2533,-2273.0836,10.0608,6.6658,-0.1454
396.3227,-2269.6656,10.0077,6.6656,-0.1417
398.3413,-2266.2174,9.9518,6.6653,-0.1376
400.3086,-2262.7398,9.8933,6.6652,-0.1333
402.2242,-2259.2335,9.8318,6.6655,-0.1303
404.0876,-2255.6991,9.7675,6.6657,-0.1255
405.8985,-2252.1376,9.7011,6.6658,-0.1205
407.6566,-2248.5494,9.6328,6.6657,-0.1154
409.3614,-2244.9355,9.5627,6.6654,-0.1100
411.0126,-2241.2965,9.4911,6.6650,-0.1046
412.6098,-2237.6332,9.4183,6.6647,-0.0990
414.1527,-2233.9463,9.3434,6.6650,-0.0952
415.6409,-2230.2366,9.2674,6.6651,-0.0895
417.0741,-2226.5050,9.1905,6.6651,-0.0837
418.4520,-2222.7524,9.1130,6.6650,-0.0780
419.7742,-2218.9795,9.0351,6.6648,-0.0722
421.0404,-2215.1873,8.9572,6.6644,-0.0665
422.2502,-2211.3767,8.8792,6.6641,-0.0608
423.4035,-2207.5485,8.8012,6.6644,-0.0571
424.4998,-2203.7036,8.7230,6.6647,-0.0516
425.5390,-2199.8429,8.6457,6.6648,-0.0462
426.5208,-2195.9673,8.5691,6.6647,-0.0410
427.4450,-2192.0776,8.4937,6.6645,-0.0360
428.3110,-2188.1745,8.4201,6.6638,-0.0312
429.1177,-2184.2589,8.3493,6.6617,-0.0266
429.8640,-2180.3315,8.2823,6.6581,-0.0237
430.5486,-2176.3932,8.2198,6.6511,-0.0196
431.1702,-2172.4449,8.1638,6.6396,-0.0158
431.7280,-2168.4873,8.1165,6.6229,-0.0123
432.2212,-2164.5214,8.0755,6.5998,-0.0092
432.6493,-2160.5478,8.0409,6.5737,-0.0062
433.0123,-2156.5677,7.9881,6.5688,-0.0040
433.3114,-2152.5819,7.9091,6.5934,-0.0027
433.5488,-2148.5914,7.8148,6.6362,0.0000
433.7281,-2144.5972,7.7178,6.6848,0.0000
433.8533,-2140.6001,7.6252,6.7319,0.0000
433.9288,-2136.6009,7.5405,6.7744,0.0000
433.9595,-2132.6002,7.4646,6.8116,0.0000
433.9506,-2128.5986,7.3966,6.8446,0.0000
433.9082,-2124.5966,7.3343,6.8755,0.0000
433.8384,-2120.5945,7.2755,6.9069,0.0000
433.7473,-2116.5926,7.2183,6.9408,0.0000
433.6407,-2112.5910,7.1608,6.9788,0.0000
433.5235,-2108.5895,7.1020,7.0222,0.0000
433.4006,-2104.5882,7.0411,7.0717,0.0000
433.2764,-2100.5871,6.9788,7.1262,0.0000
433.1547,-2096.5862,6.9377,7.1629,0.0000
433.0386,-2092.5854,6.9322,7.1678,0.0000
432.9296,-2088.5847,6.9485,7.1517,0.0000
432.8284,-2084.5840,6.9728,7.1274,0.0000
432.7347,-2080.5832,6.9964,7.1037,0.0000
432.6478,-2076.5824,7.0151,7.0850,0.0000
432.5667,-2072.5817,7.0278,7.0722,0.0000
432.4904,-2068.5811,7.0354,7.0646,0.0000
432.4175,-2064.5804,7.0390,7.0610,0.0000
432.3466,-2060.5798,7.0403,7.0597,0.0000
432.2767,-2056.5790,7.0405,7.0595,0.0000
432.2072,-2052.5781,7.0404,7.0596,0.0000
432.1376,-2048.5772,7.0402,7.0598,0.0000
432.0681,-2044.5763,7.0401,7.0599,0.0000
431.9984,-2040.5753,7.0400,7.0600,0.0000
431.9288,-2036.5742,7.0400,7.0600,0.0000
431.8591,-2032.5729,7.0400,7.0600,0.0000
431.7894,-2028.5716,7.0400,7.0600,0.0000
431.7197,-2024.5702,7.0400,7.0600,0.0000
431.6500,-2020.5688,7.0400,7.0600,0.0000
431.5803,-2016.5674,7.0400,7.0600,0.0000
431.5105,-2012.5660,7.0400,7.0600,0.0000
431.4408,-2008.5646,7.0400,7.0600,0.0000
431.3711,-2004.5632,7.0400,7.0600,0.0000
431.3014,-2000.5618,7.0400,7.0600,0.0000
431.2317,-1996.5606,7.0400,7.0600,0.0000
431.1621,-1992.5594,7.0400,7.0600,0.0000
431.0924,-1988.5584,7.0400,7.0600,0.0000
431.0227,-1984.5575,7.0400,7.0600,0.0000
430.9530,-1980.5566,7.0400,7.0600,0.0000
430.8833,-1976.5558,7.0400,7.0600,0.0000
430.8136,-1972.5551,7.0400,7.0600,0.0000
430.7439,-1968.5544,7.0400,7.0600,0.0000
430.6742,-1964.5537,7.0400,7.0600,0.0000
430.6045,-1960.5528,7.0400,7.0600,0.0000
430.5348,-1956.5518,7.0400,7.0600,0.0000
430.4651,-1952.5506,7.0400,7.0600,0.0000
430.3954,-1948.5490,7.0400,7.0600,0.0000
430.3257,-1944.5472,7.0400,7.0600,0.0000
430.2560,-1940.5450,7.0400,7.0600,0.0000
430.1863,-1936.5424,7.0400,7.0600,0.0000
430.1166,-1932.5394,7.0400,7.0600,0.0000
430.0468,-1928.5361,7.0400,7.0600,0.0000
429.9771,-1924.5325,7.0400,7.0600,0.0000
429.9073,-1920.5287,7.0400,7.0600,0.0000
429.8376,-1916.5247,7.0400,7.0600,0.0000
429.7679,-1912.5205,7.0400,7.0600,0.0000
429.6981,-1908.5162,7.0400,7.0600,0.0000
429.6283,-1904.5118,7.0400,7.0600,0.0000
429.5586,-1900.5074,7.0400,7.0600,0.0000
429.4888,-1896.5030,7.0400,7.0600,0.0000
429.4191,-1892.4987,7.0400,7.0600,0.0000
429.3493,-1888.4943,7.0400,7.0600,0.0000
429.2796,-1884.4899,7.0400,7.0600,0.0000
429.2098,-1880.4855,7.0400,7.0600,0.0000
429.1401,-1876.4811,7.0400,7.0600,0.0000
429.0703,-1872.4767,7.0400,7.0600,0.0000
429.0006,-1868.4723,7.0400,7.0600,0.0000
428.9308,-1864.4679,7.0400,7.0600,0.0000
428.8611,-1860.4635,7.0400,7.0600,0.0000
428.7913,-1856.4591,7.0400,7.0600,0.0000
428.7216,-1852.4548,7.0400,7.0600,0.0000
428.6518,-1848.4504,7.0400,7.0600,0.0000
428.5821,-1844.4460,7.0400,7.0600,0.0000
428.5123,-1840.4416,7.0400,7.0600,0.0000
428.4426,-1836.4372,7.0400,7.0600,0.0000
428.3728,-1832.4328,7.0400,7.0600,0.0000
428.3030,-1828.4284,7.0400,7.0600,0.0000
428.2333,-1824.4240,7.0400,7.0600,0.0000
428.1635,-1820.4196,7.0400,7.0600,0.0000
428.0938,-1816.4152,7.0400,7.0600,0.0000
428.0240,-1812.4109,7.0400,7.0600,0.0000
427.9543,-1808.4065,7.0400,7.0600,0.0000
427.8845,-1804.4021,7.0400,7.0600,0.0000
427.8148,-1800.3977,7.0400,7.0600,0.0000
427.7450,-1796.3933,7.0400,7.0600,0.0000
427.6753,-1792.3889,7.0400,7.0600,0.0000
427.6055,-1788.3845,7.0400,7.0600,0.0000
427.5358,-1784.3801,7.0400,7.0600,0.0000
427.4660,-1780.3757,7.0400,7.0600,0.0000
427.3963,-1776.3713,7.0400,7.0600,0.0000
427.3265,-1772.3669,7.0400,7.0600,0.0000
427.2568,-1768.3626,7.0400,7.0600,0.0000
427.1870,-1764.3582,7.0400,7.0600,0.0000
427.1172,-1760.3538,7.0400,7.0600,0.0000
427.0475,-1756.3494,7.0400,7.0600,0.0000
426.9777,-1752.3450,7.0400,7.0600,0.0000
426.9080,-1748.3406,7.0400,7.0600,0.0000
426.8382,-1744.3362,7.0400,7.0600,0.0000
426.7685,-1740.3318,7.0400,7.0600,0.0000
426.6987,-1736.3274,7.0400,7.0600,0.0000
426.6290,-1732.3230,7.0400,7.0600,0.0000
426.5592,-1728.3187,7.0400,7.0600,0.0000
426.4895,-1724.3143,7.0400,7.0600,0.0000
426.4197,-1720.3099,7.0400,7.0600,0.0000
426.3500,-1716.3055,7.0400,7.0600,0.0000
426.2802,-1712.3011,7.0400,7.0600,0.0000
426.2105,-1708.2967,7.0400,7.0600,0.0000
426.1407,-1704.2923,7.0400,7.0600,0.0000
426.0710,-1700.2879,7.0400,7.0600,0.0000
426.0012,-1696.2835,7.0400,7.0600,0.0000
425.9315,-1692.2791,7.0400,7.0600,0.0000
425.8617,-1688.2748,7.0400,7.0600,0.0000
425.7919,-1684.2704,7.0400,7.0600,0.0000
425.7222,-1680.2660,7.0400,7.0600,0.0000
425.6524,-1676.2616,7.0400,7.0600,0.0000
425.5827,-1672.2572,7.0400,7.0600,0.0000
425.5129,-1668.2528,7.0400,7.0600,0.0000
425.4432,-1664.2484,7.0400,7.0600,0.0000
425.3734,-1660.2440,7.0400,7.0600,0.0000
425.3037,-1656.2396,7.0400,7.0600,0.0000
425.2339,-1652.2352,7.0400,7.0600,0.0000
425.1642,-1648.2309,7.0400,7.0600,0.0000
425.0944,-1644.2265,7.0400,7.0600,0.0000
425.0247,-1640.2221,7.0400,7.0600,0.0000
424.9549,-1636.2177,7.0400,7.0600,0.0000
424.8852,-1632.2133,7.0400,7.0600,0.0000
424.8154,-1628.2089,7.0400,7.0600,0.0000
424.7457,-1624.2045,7.0400,7.0600,0.0000
424.6759,-1620.2001,7.0400,7.0600,0.0000
424.6062,-1616.1957,7.0400,7.0600,0.0000
424.5364,-1612.1913,7.0400,7.0600,0.0000
424.4666,-1608.1870,7.0400,7.0600,0.0000
424.3969,-1604.1826,7.0400,7.0600,0.0000
424.3271,-1600.1782,7.0400,7.0600,0.0000
424.2574,-1596.1738,7.0400,7.0600,0.0000
424.1876,-1592.1694,7.0400,7.0600,0.0000
424.1179,-1588.1650,7.0400,7.0600,0.0000
424.0481,-1584.1606,7.0400,7.0600,0.0000
423.9784,-1580.1562,7.0400,7.0600,0.0000
423.9086,-1576.1518,7.0400,7.0600,0.0000
423.8389,-1572.1474,7.0400,7.0600,0.0000
423.7691,-1568.1431,7.0400,7.0600,0.0000
423.6994,-1564.1387,7.0400,7.0600,0.0000
423.6296,-1560.1343,7.0400,7.0600,0.0000
423.5599,-1556.1299,7.0400,7.0600,0.0000
423.4901,-1552.1255,7.0400,7.0600,0.0000
423.4204,-1548.1211,7.0400,7.0600,0.0000
423.3506,-1544.1167,7.0400,7.0600,0.0000
423.2809,-1540.1123,7.0400,7.0600,0.0000
423.2111,-1536.1079,7.0400,7.0600,0.0000
423.1413,-1532.1035,7.0400,7.0600,0.0000
423.0716,-1528.0992,7.0400,7.0600,0.0000
423.0018,-1524.0948,7.0400,7.0600,0.0000
422.9321,-1520.0904,7.0400,7.0600,0.0000
422.8623,-1516.0860,7.0400,7.0600,0.0000
422.7926,-1512.0816,7.0400,7.0600,0.0000
422.7228,-1508.0772,7.0400,7.0600,0.0000
422.6531,-1504.0728,7.0400,7.0600,0.0000
422.5833,-1500.0684,7.0400,7.0600,0.0000
422.5136,-1496.0640,7.0400,7.0600,0.0000
422.4438,-1492.0596,7.0400,7.0600,0.0000
422.3741,-1488.0553,7.0400,7.0600,0.0000
422.3043,-1484.0509,7.0400,7.0600,0.0000
422.2346,-1480.0465,7.0400,7.0600,0.0000
422.1648,-1476.0421,7.0400,7.0600,0.0000
422.0951,-1472.0377,7.0400,7.0600,0.0000
422.0253,-1468.0333,7.0400,7.0600,0.0000
421.9555,-1464.0289,7.0400,7.0600,0.0000
421.8858,-1460.0245,7.0400,7.0600,0.0000
421.8160,-1456.0201,7.0400,7.0600,0.0000
421.7463,-1452.0157,7.0400,7.0600,0.0000
421.6765,-1448.0113,7.0400,7.0600,0.0000
421.6068,-1444.0070,7.0400,7.0600,0.0000
421.5370,-1440.0026,7.0400,7.0600,0.0000
421.4673,-1435.9982,7.0400,7.0600,0.0000
421.3975,-1431.9938,7.0400,7.0600,0.0000
421.3278,-1427.9894,7.0400,7.0600,0.0000
421.2580,-1423.9850,7.0400,7.0600,0.0000
421.1883,-1419.9806,7.0400,7.0600,0.0000
421.1185,-1415.9762,7.0400,7.0600,0.0000
421.0488,-1411.9718,7.0400,7.0600,0.0000
420.9790,-1407.9674,7.0400,7.0600,0.0000
420.9093,-1403.9631,7.0400,7.0600,0.0000
420.8395,-1399.9587,7.0400,7.0600,0.0000
420.7698,-1395.9543,7.0400,7.0600,0.0000
420.7000,-1391.9499,7.0400,7.0600,0.0000
420.6302,-1387.9455,7.0400,7.0600,0.0000
420.5605,-1383.9411,7.0400,7.0600,0.0000
420.4907,-1379.9367,7.0400,7.0600,0.0000
420.4210,-1375.9323,7.0400,7.0600,0.0000
420.3512,-1371.9279,7.0400,7.0600,0.0000
420.2816,-1367.9300,7.0400,7.0600,0.0000
420.2121,-1363.9385,7.0400,7.0600,0.0000
420.1427,-1359.9535,7.0400,7.0600,0.0000
420.0734,-1355.9751,7.0400,7.0600,0.0000
420.0042,-1352.0033,7.0400,7.0600,0.0000
419.9351,-1348.0382,7.0400,7.0600,0.0000
419.8661,-1344.0797,7.0400,7.0600,0.0000
419.7973,-1340.1279,7.0400,7.0600,0.0000
419.7286,-1336.1829,7.0400,7.0600,0.0000
419.6598,-1332.2317,7.0400,7.0600,0.0000
419.5908,-1328.2745,7.0400,7.0600,0.0000
419.5218,-1324.3112,7.0400,7.0600,0.0000
419.4527,-1320.3416,7.0400,7.0600,0.0000
419.3834,-1316.3658,7.0400,7.0600,0.0000
419.3140,-1312.3837,7.0400,7.0600,0.0000
419.2446,-1308.3954,7.0400,7.0600,0.0000
419.1750,-1304.4009,7.0400,7.0600,0.0000
419.1053,-1300.4000,7.0400,7.0600,0.0000
419.0356,-1296.3992,7.0400,7.0600,0.0000
418.9659,-1292.3984,7.0400,7.0600,0.0000
418.8962,-1288.3977,7.0400,7.0600,0.0000
418.8265,-1284.3970,7.0400,7.0600,0.0000
418.7568,-1280.3963,7.0400,7.0600,0.0000
418.6872,-1276.3956,7.0400,7.0600,0.0000
418.6175,-1272.3947,7.0400,7.0600,0.0000
418.5478,-1268.3936,7.0400,7.0600,0.0000
418.4781,-1264.3925,7.0400,7.0600,0.0000
418.4084,-1260.3912,7.0400,7.0600,0.0000
418.3387,-1256.3898,7.0400,7.0600,0.0000
418.2690,-1252.3882,7.0400,7.0600,0.0000
418.1993,-1248.3865,7.0400,7.0600,0.0000
418.1296,-1244.3846,7.0400,7.0600,0.0000
418.0598,-1240.3827,7.0400,7.0600,0.0000
417.9901,-1236.3808,7.0400,7.0600,0.0000
417.9204,-1232.3789,7.0400,7.0600,0.0000
417.8507,-1228.3771,7.0400,7.0600,0.0000
417.7810,-1224.3754,7.0400,7.0600,0.0000
417.7113,-1220.3737,7.0400,7.0600,0.0000
417.6416,-1216.3721,7.0400,7.0600,0.0000
417.5719,-1212.3708,7.0400,7.0600,0.0000
417.5022,-1208.3695,7.0400,7.0600,0.0000
417.4325,-1204.3684,7.0400,7.0600,0.0000
417.3630,-1200.3673,7.0398,7.0602,0.0000
417.2942,-1196.3664,7.0389,7.0611,0.0000
417.2271,-1192.3655,7.0364,7.0636,0.0000
417.1626,-1188.3647,7.0312,7.0688,0.0000
417.1017,-1184.3640,7.0224,7.0777,0.0000
417.0454,-1180.3633,7.0090,7.0911,0.0000
416.9943,-1176.3627,6.9905,7.1098,0.0000
416.9489,-1172.3620,6.9664,7.1339,0.0000
416.9094,-1168.3614,6.9497,7.1503,0.0000
416.8752,-1164.3608,6.9606,7.1395,0.0000
416.8446,-1160.3601,6.9957,7.1070,0.0000
416.8149,-1156.3595,7.0445,7.0645,0.0000
416.7828,-1152.3588,7.0983,7.0207,0.0000
416.7443,-1148.3582,7.1526,6.9804,0.0000
416.6953,-1144.3579,7.2057,6.9450,0.0000
416.6314,-1140.3579,7.2581,6.9143,0.0000
416.5480,-1136.3585,7.3106,6.8876,0.0000
416.4407,-1132.3599,7.3642,6.8635,0.0000
416.3047,-1128.3625,7.4202,6.8403,0.0000
416.1351,-1124.3667,7.4813,6.8165,0.0000
415.9275,-1120.3732,7.5475,6.7907,0.0000
415.6775,-1116.3826,7.6202,6.7619,-0.0026
415.3806,-1112.3959,7.7003,6.7291,-0.0052
415.0330,-1108.4137,7.7882,6.6923,-0.0073
414.6306,-1104.4373,7.8841,6.6504,-0.0111
414.1699,-1100.4676,7.9848,6.6052,-0.0152
413.6477,-1096.5058,8.0696,6.5769,-0.0204
413.0617,-1092.5532,8.1328,6.5736,-0.0260
412.4107,-1088.6107,8.1832,6.5864,-0.0321
411.6944,-1084.6793,8.2304,6.6050,-0.0386
410.9130,-1080.7601,8.2807,6.6230,-0.0453
410.0673,-1076.8540,8.3358,6.6379,-0.0500
409.1582,-1072.9619,8.3970,6.6483,-0.0571
408.1869,-1069.0846,8.4640,6.6544,-0.0645
407.1546,-1065.2228,8.5354,6.6575,-0.0719
406.0627,-1061.3775,8.6097,6.6585,-0.0794
404.9124,-1057.5493,8.6859,6.6586,-0.0870
403.7043,-1053.7391,8.7628,6.6585,-0.0945
402.4389,-1049.9477,8.8406,6.6588,-0.0994
401.1166,-1046.1759,8.9180,6.6590,-0.1066
399.7378,-1042.4245,8.9955,6.6591,-0.1137
398.3028,-1038.6944,9.0731,6.6591,-0.1205
396.8118,-1034.9863,9.1504,6.6590,-0.1269
395.2652,-1031.3011,9.2273,6.6587,-0.1330
393.6634,-1027.6397,9.3035,6.6586,-0.1386
392.0066,-1024.0026,9.3781,6.6591,-0.1421
390.2952,-1020.3908,9.4518,6.6593,-0.1469
388.5297,-1016.8050,9.5241,6.6595,-0.1510
386.7104,-1013.2461,9.5948,6.6595,-0.1545
384.8379,-1009.7149,9.6639,6.6593,-0.1573
382.9124,-1006.2122,9.7312,6.6590,-0.1593
380.9345,-1002.7387,9.7966,6.6588,-0.1605
378.9046,-999.2955,9.8592,6.6592,-0.1608
376.8232,-995.8831,9.9191,6.6595,-0.1609
374.6908,-992.5024,9.9763,6.6597,-0.1609
372.5079,-989.1543,10.0311,6.6597,-0.1609
370.2751,-985.8396,10.0832,6.6594,-0.1610
367.9927,-982.5589,10.1323,6.6590,-0.1611
365.6614,-979.3131,10.1785,6.6586,-0.1611
363.2817,-976.1028,10.2210,6.6589,-0.1612
360.8540,-972.9288,10.2596,6.6591,-0.1613
358.3788,-969.7918,10.2943,6.6592,-0.1614
355.8569,-966.6925,10.3263,6.6591,-0.1615
353.2885,-963.6315,10.3543,6.6589,-0.1616
350.6745,-960.6095,10.3787,6.6586,-0.1618
348.0152,-957.6271,10.3994,6.6583,-0.1619
345.3112,-954.6851,10.4159,6.6587,-0.1620
342.5633,-951.7842,10.4280,6.6589,-0.1622
339.7721,-948.9249,10.4362,6.6591,-0.1623
336.9381,-946.1080,10.4405,6.6590,-0.1625
334.0621,-943.3340,10.4410,6.6589,-0.1627
331.1446,-940.6037,10.4375,6.6586,-0.1628
328.1865,-937.9176,10.4303,6.6583,-0.1630
325.1883,-935.2765,10.4188,6.6587,-0.1631
322.1507,-932.6807,10.4028,6.6590,-0.1633
319.0744,-930.1310,10.3830,6.6591,-0.1634
315.9600,-927.6279,10.3595,6.6591,-0.1636
312.8084,-925.1720,10.3324,6.6590,-0.1637
309.6202,-922.7638,10.3016,6.6587,-0.1639
306.3961,-920.4038,10.2674,6.6583,-0.1641
303.1368,-918.0927,10.2297,6.6588,-0.1641
299.8431,-915.8308,10.1876,6.6590,-0.1643
296.5157,-913.6188,10.1424,6.6591,-0.1644
293.1555,-911.4572,10.0941,6.6591,-0.1645
289.7631,-909.3463,10.0430,6.6590,-0.1647
286.3394,-907.2868,9.9889,6.6587,-0.1648
282.8852,-905.2790,9.9322,6.6584,-0.1648
279.4010,-903.3235,9.8727,6.6588,-0.1649
275.8879,-901.4207,9.8101,6.6591,-0.1650
272.3466,-899.5709,9.7454,6.6592,-0.1650
268.7778,-897.7747,9.6786,6.6592,-0.1651
265.1823,-896.0324,9.6100,6.6590,-0.1651
261.5610,-894.3443,9.5398,6.6587,-0.1651
257.9147,-892.7109,9.4681,6.6583,-0.1651
254.2441,-891.1326,9.3949,6.6588,-0.1651
250.5502,-889.6097,9.3198,6.6590,-0.1651
246.8338,-888.1425,9.2439,6.6591,-0.1650
243.0956,-886.7314,9.1673,6.6591,-0.1649
239.3366,-885.3768,9.0901,6.6590,-0.1648
235.5577,-884.0788,9.0127,6.6587,-0.1647
231.7597,-882.8379,8.9354,6.6583,-0.1646
227.9435,-881.6543,8.8579,6.6587,-0.1645
224.1100,-880.5283,8.7801,6.6590,-0.1643
220.2600,-879.4601,8.7028,6.6592,-0.1641
216.3943,-878.4502,8.6265,6.6590,-0.1638
212.5138,-877.4994,8.5520,6.6578,-0.1636
208.6192,-876.6089,8.4804,6.6548,-0.1633
204.7114,-875.7797,8.4129,6.6490,-0.1629
200.7911,-875.0131,8.3505,6.6404,-0.1627
196.8591,-874.3101,8.2936,6.6271,-0.1623
192.9164,-873.6715,8.2439,6.6084,-0.1619
188.9637,-873.0981,8.2014,6.5845,-0.1613
185.0020,-872.5901,8.1504,6.5710,-0.1609
181.0323,-872.1471,8.0771,6.5828,-0.1602
177.0555,-871.7678,7.9878,6.6134,-0.1589
173.0728,-871.4495,7.8918,6.6529,-0.1577
169.0853,-871.1893,7.7973,6.6936,-0.1553
165.0938,-870.9834,7.7088,6.7311,-0.1525
161.0994,-870.8280,7.6279,6.7643,-0.1493
157.1026,-870.7190,7.5544,6.7933,-0.1459
153.1043,-870.6521,7.4877,6.8189,-0.1423
149.1050,-870.6229,7.4265,6.8426,-0.1387
145.1050,-870.6269,7.3692,6.8658,-0.1363
141.1047,-870.6593,7.3149,6.8899,-0.1328
137.1042,-870.7157,7.2624,6.9158,-0.1296
133.1035,-870.7914,7.2108,6.9448,-0.1267
129.1027,-870.8820,7.1589,6.9780,-0.1242
125.1017,-870.9832,7.1062,7.0160,-0.1224
121.1005,-871.0910,7.0515,7.0598,-0.1212
117.0992,-871.2014,6.9960,7.1082,-0.1210
113.0976,-871.3108,6.9600,7.1404,-0.1207
109.0958,-871.4166,6.9539,7.1461,-0.1204
105.0938,-871.5172,6.9662,7.1339,-0.1201
101.0916,-871.6120,6.9856,7.1145,-0.1198
97.0893,-871.7009,7.0046,7.0954,-0.1196
93.0870,-871.7845,7.0198,7.0802,-0.1194
89.0845,-871.8633,7.0302,7.0698,-0.1193
85.0820,-871.9384,7.0363,7.0636,-0.1192
81.0794,-872.0106,7.0393,7.0607,-0.1192
77.0769,-872.0812,7.0403,7.0596,-0.1191
73.0745,-872.1511,7.0405,7.0595,-0.1191
69.0723,-872.2207,7.0404,7.0596,-0.1191
65.0701,-872.2902,7.0402,7.0598,-0.1191
61.0680,-872.3598,7.0401,7.0599,-0.1192
57.0662,-872.4295,7.0400,7.0599,-0.1192
53.0646,-872.4991,7.0400,7.0600,-0.1193
49.0632,-872.5688,7.0400,7.0600,-0.1194
45.0620,-872.6385,7.0400,7.0600,-0.1195
41.0610,-872.7082,7.0400,7.0600,-0.1196
37.0602,-872.7779,7.0400,7.0600,-0.1197
33.0595,-872.8476,7.0400,7.0600,-0.1198
29.0589,-872.9173,7.0400,7.0600,-0.1199
25.0585,-872.9870,7.0400,7.0600,-0.1200
21.0580,-873.0567,7.0400,7.0600,-0.1201
17.0575,-873.1264,7.0400,7.0600,-0.1202
13.0569,-873.1960,7.0399,7.0601,-0.1204
9.0562,-873.2650,7.0392,7.0608,-0.1205
5.0555,-873.3326,7.0370,7.0630,-0.1206
1.0545,-873.3977,7.0324,7.0676,-0.1206
-2.9466,-873.4593,7.0243,7.0758,-0.1207
-6.9479,-873.5165,7.0118,7.0883,-0.1208
-10.9493,-873.5686,6.9942,7.1060,-0.1209
-14.9508,-873.6151,6.9711,7.1292,-0.1209
-18.9524,-873.6557,6.9508,7.1492,-0.1211
-22.9541,-873.6909,6.9565,7.1436,-0.1212
-26.9558,-873.7219,6.9891,7.1142,-0.1215
-30.9575,-873.7516,7.0379,7.0727,-0.1227
-34.9592,-873.7830,7.0929,7.0284,-0.1244
-38.9608,-873.8202,7.1487,6.9870,-0.1267
-42.9622,-873.8671,7.2039,6.9504,-0.1295
-46.9632,-873.9283,7.2578,6.9187,-0.1325
-50.9637,-874.0081,7.3116,6.8912,-0.1358
-54.9634,-874.1111,7.3661,6.8667,-0.1381
-58.9620,-874.2421,7.4231,6.8434,-0.1416
-62.9589,-874.4058,7.4838,6.8199,-0.1450
-66.9535,-874.6068,7.5496,6.7949,-0.1483
-70.9451,-874.8495,7.6215,6.7672,-0.1514
-74.9328,-875.1382,7.7005,6.7357,-0.1542
-78.9158,-875.4770,7.7872,6.7001,-0.1566
-82.8930,-875.8699,7.8819,6.6597,-0.1580
-86.8633,-876.3203,7.9837,6.6143,-0.1594
-90.8255,-876.8316,8.0740,6.5806,-0.1604
-94.7786,-877.4063,8.1419,6.5722,-0.1609
-98.7214,-878.0459,8.1946,6.5824,-0.1613
-102.6530,-878.7508,8.2421,6.6005,-0.1617
-106.5725,-879.5210,8.2916,6.6189,-0.1620
-110.4789,-880.3557,8.3460,6.6347,-0.1622
-114.3715,-881.2541,8.4064,6.6457,-0.1624
-118.2493,-882.2151,8.4725,6.6524,-0.1626
-122.1117,-883.2376,8.5433,6.6557,-0.1628
-125.9579,-884.3201,8.6172,6.6569,-0.1630
-129.7871,-885.4615,8.6931,6.6568,-0.1632
-133.5985,-886.6611,8.7702,6.6565,-0.1633
-137.3913,-887.9183,8.8476,6.6568,-0.1634
-141.1646,-889.2327,8.9247,6.6569,-0.1635
-144.9175,-890.6040,9.0018,6.6570,-0.1636
-148.6492,-892.0319,9.0790,6.6569,-0.1637
-152.3589,-893.5160,9.1560,6.6568,-0.1638
-156.0456,-895.0561,9.2325,6.6565,-0.1638
-159.7086,-896.6518,9.3084,6.6562,-0.1639
-163.3469,-898.3027,9.3831,6.6566,-0.1639
-166.9598,-900.0085,9.4560,6.6569,-0.1639
-170.5465,-901.7687,9.5278,6.6570,-0.1639
-174.1061,-903.5830,9.5982,6.6570,-0.1639
-177.6378,-905.4510,9.6670,6.6568,-0.1639
-181.1408,-907.3721,9.7340,6.6565,-0.1638
-184.6144,-909.3461,9.7991,6.6562,-0.1638
-188.0577,-911.3724,9.8617,6.6566,-0.1638
-191.4700,-913.4506,9.9212,6.6569,-0.1637
-194.8504,-915.5802,9.9784,6.6570,-0.1636
-198.1983,-917.7608,10.0329,6.6570,-0.1636
-201.5129,-919.9918,10.0847,6.6568,-0.1635
-204.7935,-922.2728,10.1336,6.6565,-0.1634
-208.0392,-924.6032,10.1795,6.6561,-0.1633
-211.2493,-926.9826,10.2220,6.6565,-0.1632
-214.4231,-929.4103,10.2604,6.6567,-0.1631
-217.5599,-931.8858,10.2954,6.6568,-0.1630
-220.6590,-934.4086,10.3270,6.6568,-0.1629
-223.7196,-936.9780,10.3551,6.6567,-0.1628
-226.7409,-939.5934,10.3796,6.6564,-0.1627
-229.7223,-942.2543,10.4005,6.6560,-0.1626
-232.6631,-944.9600,10.4173,6.6564,-0.1625
-235.5626,-947.7099,10.4296,6.6567,-0.1624
-238.4202,-950.5034,10.4380,6.6568,-0.1622
-241.2352,-953.3399,10.4426,6.6568,-0.1621
-244.0068,-956.2186,10.4433,6.6567,-0.1620
-246.7346,-959.1388,10.4402,6.6564,-0.1619
-249.4178,-962.0999,10.4333,6.6560,-0.1618
-252.0558,-965.1012,10.4224,6.6564,-0.1617
-254.6479,-968.1420,10.4068,6.6567,-0.1616
-257.1938,-971.2216,10.3875,6.6569,-0.1615
-259.6926,-974.3393,10.3644,6.6569,-0.1614
-262.1439,-977.4943,10.3377,6.6568,-0.1613
-264.5471,-980.6861,10.3075,6.6566,-0.1612
-266.9017,-983.9137,10.2739,6.6562,-0.1612
-269.2072,-987.1767,10.2367,6.6565,-0.1611
-271.4630,-990.4742,10.1953,6.6568,-0.1610
-273.6687,-993.8055,10.1507,6.6569,-0.1610
-275.8237,-997.1698,10.1031,6.6569,-0.1609
-277.9277,-1000.5665,10.0525,6.6568,-0.1609
-279.9800,-1003.9946,9.9997,6.6564,-0.1609
-281.9802,-1007.4534,9.9431,6.6560,-0.1609
-283.9279,-1010.9422,9.8845,6.6564,-0.1608
-285.8226,-1014.4601,9.8129,6.6570,-0.1603
-287.6639,-1018.0063,9.7583,6.6568,-0.1592
-289.4514,-1021.5800,9.6920,6.6570,-0.1572
-291.1847,-1025.1803,9.6238,6.6571,-0.1543
-292.8633,-1028.8065,9.5539,6.6570,-0.1508
-294.4870,-1032.4576,9.4825,6.6568,-0.1466
-296.0553,-1036.1330,9.4099,6.6572,-0.1435
-297.5679,-1039.8316,9.3353,6.6576,-0.1383
-299.0245,-1043.5528,9.2599,6.6577,-0.1327
-300.4247,-1047.2957,9.1837,6.6577,-0.1266
-301.7683,-1051.0594,9.1072,6.6575,-0.1201
-303.0549,-1054.8430,9.0302,6.6572,-0.1134
-304.2842,-1058.6458,8.9533,6.6567,-0.1063
-305.4560,-1062.4669,8.8764,6.6568,-0.1015
-306.5699,-1066.3055,8.7990,6.6570,-0.0941
-307.6257,-1070.1607,8.7220,6.6570,-0.0867
-308.6227,-1074.0317,8.6461,6.6565,-0.0792
-309.5600,-1077.9177,8.5723,6.6548,-0.0716
-310.4365,-1081.8179,8.5016,6.6509,-0.0642
-311.2509,-1085.7314,8.4352,6.6439,-0.0569
-312.0020,-1089.6573,8.3743,6.6335,-0.0498
-312.6889,-1093.5949,8.3191,6.6186,-0.0451
-313.3107,-1097.5431,8.2711,6.5980,-0.0384
-313.8669,-1101.5011,8.2275,6.5749,-0.0318
-314.3573,-1105.4679,8.1675,6.5701,-0.0258
-314.7827,-1109.4424,8.0861,6.5898,-0.0203
-315.1448,-1113.4235,7.9921,6.6244,-0.0154
-315.4465,-1117.4104,7.8951,6.6642,-0.0110
-315.6909,-1121.4017,7.8011,6.7039,-0.0084
-315.8819,-1125.3967,7.7136,6.7398,-0.0051
-316.0233,-1129.3945,7.6336,6.7714,-0.0026
-316.1193,-1133.3942,7.5606,6.7992,0.0000
-316.1743,-1137.3952,7.4938,6.8242,0.0000
-316.1928,-1141.3970,7.4319,6.8477,0.0000
-316.1793,-1145.3992,7.3735,6.8712,0.0000
-316.1386,-1149.4016,7.3171,6.8962,0.0000
-316.0751,-1153.4039,7.2623,6.9236,0.0000
-315.9936,-1157.4062,7.2078,6.9543,0.0000
-315.8984,-1161.4084,7.1531,6.9893,0.0000
-315.7939,-1165.4106,7.0971,7.0293,0.0000
-315.6841,-1169.4127,7.0395,7.0749,0.0000
-315.5728,-1173.4149,6.9842,7.1215,0.0000
-315.4635,-1177.4170,6.9551,7.1457,0.0000
-315.3585,-1181.4190,6.9553,7.1447,0.0000
-315.2591,-1185.4210,6.9710,7.1291,0.0000
-315.1657,-1189.4229,6.9910,7.1091,0.0000
-315.0781,-1193.4247,7.0092,7.0908,0.0000
-314.9958,-1197.4263,7.0231,7.0769,0.0000
-314.9180,-1201.4278,7.0322,7.0678,0.0000
-314.8438,-1205.4291,7.0374,7.0627,0.0000
-314.7721,-1209.4301,7.0396,7.0604,0.0000
-314.7018,-1213.4311,7.0404,7.0596,0.0000
-314.6320,-1217.4319,7.0404,7.0596,0.0000
-314.5624,-1221.4328,7.0403,7.0597,0.0000
-314.4929,-1225.4336,7.0401,7.0599,0.0000
-314.4233,-1229.4344,7.0401,7.0599,0.0000
-314.3536,-1233.4352,7.0400,7.0600,0.0000
-314.2839,-1237.4361,7.0400,7.0600,0.0000
-314.2143,-1241.4371,7.0400,7.0600,0.0000
-314.1446,-1245.4382,7.0400,7.0600,0.0000
-314.0749,-1249.4393,7.0400,7.0600,0.0000
-314.0052,-1253.4403,7.0400,7.0600,0.0000
-313.9355,-1257.4414,7.0400,7.0600,0.0000
-313.8658,-1261.4425,7.0400,7.0600,0.0000
-313.7961,-1265.4436,7.0400,7.0600,0.0000
-313.7264,-1269.4448,7.0400,7.0600,0.0000
-313.6567,-1273.4459,7.0400,7.0600,0.0000
-313.5870,-1277.4470,7.0400,7.0600,0.0000
-313.5173,-1281.4482,7.0400,7.0600,0.0000
-313.4476,-1285.4493,7.0400,7.0600,0.0000
-313.3779,-1289.4506,7.0400,7.0600,0.0000
-313.3082,-1293.4518,7.0400,7.0600,0.0000
-313.2386,-1297.4531,7.0400,7.0600,0.0000
-313.1689,-1301.4545,7.0399,7.0601,0.0000
-313.0994,-1305.4558,7.0397,7.0603,0.0000
-313.0299,-1309.4571,7.0395,7.0605,0.0000
-312.9605,-1313.4584,7.0392,7.0608,0.0000
-312.8913,-1317.4598,7.0388,7.0612,0.0000
-312.8222,-1321.4613,7.0383,7.0617,0.0000
-312.7533,-1325.4629,7.0381,7.0619,0.0000
-312.6846,-1329.4647,7.0381,7.0619,0.0000
-312.6160,-1333.4665,7.0383,7.0617,0.0000
-312.5476,-1337.4685,7.0387,7.0613,0.0000
-312.4793,-1341.4708,7.0392,7.0608,0.0000
-312.4110,-1345.4732,7.0398,7.0602,0.0000
-312.3427,-1349.4758,7.0405,7.0595,0.0000
-312.2744,-1353.4787,7.0413,7.0587,0.0000
-312.2059,-1357.4817,7.0422,7.0578,0.0000
-312.1373,-1361.4849,7.0432,7.0568,0.0000
-312.0684,-1365.4883,7.0443,7.0557,0.0000
-311.9993,-1369.4919,7.0455,7.0545,0.0000
-311.9301,-1373.4957,7.0467,7.0533,0.0000
-311.8607,-1377.4997,7.0477,7.0523,0.0000
-311.7912,-1381.5038,7.0484,7.0516,0.0000
-311.7215,-1385.5080,7.0488,7.0512,0.0000
-311.6518,-1389.5123,7.0488,7.0512,0.0000
-311.5820,-1393.5166,7.0488,7.0512,0.0000
-311.5122,-1397.5210,7.0487,7.0513,0.0000
-311.4424,-1401.5254,7.0486,7.0514,0.0000
-311.3726,-1405.5298,7.0485,7.0515,0.0000
-311.3028,-1409.5342,7.0484,7.0516,0.0000
-311.2330,-1413.5386,7.0483,7.0517,0.0000
-311.1632,-1417.5430,7.0482,7.0518,0.0000
-311.0934,-1421.5473,7.0481,7.0519,0.0000
-311.0236,-1425.5517,7.0480,7.0520,0.0000
-310.9538,-1429.5561,7.0479,7.0521,0.0000
-310.8840,-1433.5605,7.0478,7.0522,0.0000
-310.8142,-1437.5649,7.0477,7.0523,0.0000
-310.7444,-1441.5693,7.0476,7.0524,0.0000
-310.6746,-1445.5737,7.0475,7.0525,0.0000
-310.6048,-1449.5781,7.0474,7.0526,0.0000
-310.5350,-1453.5825,7.0473,7.0527,0.0000
-310.4652,-1457.5869,7.0472,7.0528,0.0000
-310.3954,-1461.5913,7.0472,7.0528,0.0000
-310.3256,-1465.5956,7.0471,7.0529,0.0000
-310.2558,-1469.6000,7.0470,7.0530,0.0000
-310.1860,-1473.6044,7.0469,7.0531,0.0000
-310.1162,-1477.6088,7.0468,7.0532,0.0000
-310.0464,-1481.6132,7.0467,7.0533,0.0000
-309.9766,-1485.6176,7.0466,7.0534,0.0000
-309.9068,-1489.6220,7.0465,7.0535,0.0000
-309.8369,-1493.6264,7.0464,7.0536,0.0000
-309.7671,-1497.6308,7.0463,7.0537,0.0000
-309.6973,-1501.6352,7.0462,7.0538,0.0000
-309.6275,-1505.6396,7.0461,7.0539,0.0000
-309.5577,-1509.6440,7.0460,7.0540,0.0000
-309.4879,-1513.6483,7.0459,7.0541,0.0000
-309.4181,-1517.6527,7.0458,7.0542,0.0000
-309.3483,-1521.6571,7.0458,7.0542,0.0000
-309.2785,-1525.6615,7.0457,7.0543,0.0000
-309.2087,-1529.6659,7.0456,7.0544,0.0000
-309.1389,-1533.6703,7.0455,7.0545,0.0000
-309.0691,-1537.6747,7.0454,7.0546,0.0000
-308.9993,-1541.6791,7.0453,7.0547,0.0000
-308.9295,-1545.6835,7.0452,7.0548,0.0000
-308.8597,-1549.6879,7.0451,7.0549,0.0000
-308.7899,-1553.6923,7.0450,7.0550,0.0000
-308.7201,-1557.6966,7.0449,7.0551,0.0000
-308.6503,-1561.7010,7.0448,7.0552,0.0000
-308.5805,-1565.7054,7.0447,7.0553,0.0000
-308.5107,-1569.7098,7.0446,7.0554,0.0000
-308.4409,-1573.7142,7.0445,7.0555,0.0000
-308.3711,-1577.7186,7.0445,7.0555,0.0000
-308.3013,-1581.7230,7.0444,7.0556,0.0000
-308.2315,-1585.7274,7.0443,7.0557,0.0000
-308.1617,-1589.7318,7.0442,7.0558,0.0000
-308.0918,-1593.7362,7.0441,7.0559,0.0000
-308.0220,-1597.7406,7.0440,7.0560,0.0000
-307.9522,-1601.7449,7.0439,7.0561,0.0000
-307.8824,-1605.7493,7.0438,7.0562,0.0000
-307.8126,-1609.7537,7.0437,7.0563,0.0000
-307.7428,-1613.7581,7.0436,7.0564,0.0000
-307.6730,-1617.7625,7.0435,7.0565,0.0000
-307.6032,-1621.7669,7.0434,7.0566,0.0000
-307.5334,-1625.7713,7.0433,7.0567,0.0000
-307.4636,-1629.7757,7.0432,7.0568,0.0000
-307.3938,-1633.7801,7.0432,7.0568,0.0000
-307.3240,-1637.7845,7.0431,7.0569,0.0000
-307.2542,-1641.7889,7.0430,7.0570,0.0000
-307.1844,-1645.7932,7.0429,7.0571,0.0000
-307.1146,-1649.7976,7.0428,7.0572,0.0000
-307.0448,-1653.8020,7.0427,7.0573,0.0000
-306.9750,-1657.8064,7.0426,7.0574,0.0000
-306.9052,-1661.8108,7.0425,7.0575,0.0000
-306.8354,-1665.8152,7.0424,7.0576,0.0000
-306.7656,-1669.8196,7.0423,7.0577,0.0000
-306.6958,-1673.8240,7.0422,7.0578,0.0000
-306.6260,-1677.8284,7.0421,7.0579,0.0000
-306.5562,-1681.8328,7.0420,7.0580,0.0000
-306.4864,-1685.8372,7.0419,7.0581,0.0000
-306.4166,-1689.8416,7.0419,7.0581,0.0000
-306.3468,-1693.8459,7.0418,7.0582,0.0000
-306.2769,-1697.8503,7.0417,7.0583,0.0000
-306.2071,-1701.8547,7.0416,7.0584,0.0000
-306.1373,-1705.8591,7.0415,7.0585,0.0000
-306.0675,-1709.8635,7.0414,7.0586,0.0000
-305.9977,-1713.8679,7.0413,7.0587,0.0000
-305.9279,-1717.8723,7.0412,7.0588,0.0000
-305.8581,-1721.8767,7.0411,7.0589,0.0000
-305.7883,-1725.8811,7.0410,7.0590,0.0000
-305.7185,-1729.8855,7.0409,7.0591,0.0000
-305.6487,-1733.8899,7.0408,7.0592,0.0000
-305.5790,-1737.8915,7.0407,7.0593,0.0000
-305.5058,-1742.1211,7.0400,7.0600,0.0000
-305.4318,-1746.4150,7.0391,7.0609,0.0000
-305.3560,-1750.8248,7.0379,7.0621,0.0000
-305.2763,-1755.5048,7.0360,7.0641,0.0000
-305.1763,-1761.5611,7.0302,7.0698,0.0000
-305.0912,-1766.6069,7.0273,7.0727,0.0000
-304.9937,-1772.4908,7.0253,7.0747,0.0000
-304.8822,-1779.3281,7.0337,7.0663,0.0000
